rank,id,token,count
1,279,Ġthe,71
2,13,.,52
3,151645,<|im_end|>,45
4,5109,Ġnumbers,38
5,198,Ċ,34
6,11,",",30
7,8,),28
8,151644,<|im_start|>,25
9,304,Ġin,23
10,220,Ġ,23
11,7,(,23
12,17,2,22
13,58,[,21
14,8500,Ġsequence,21
15,1140,Ġlist,20
16,18,3,20
17,264,Ġa,19
18,1817,Ġeach,17
19,16,1,17
20,19,4,17
21,20,5,16
22,1372,Ġnumber,14
23,18509,Ġdigits,14
24,23,8,13
25,3555,ĠWhat,11
26,15,0,11
27,429,Ġthat,11
28,902,Ġno,11
29,311,Ġto,10
30,21,6,10
31,22,7,10
32,76602,Ġcommas,9
33,72692,-separated,9
34,31511,imited,8
35,3245,Ġleast,8
36,508,Ġ[,8
37,7652,ĠPARTICULAR,8
38,3060,Ġcontinue,7
39,803,Ġmore,7
40,894,Ġany,7
41,25,:,7
42,3561,Ġformat,7
43,1467,Ġtext,6
44,40841,Ġexplanations,6
45,16169,including,6
46,1101,Ġjust,6
47,476,Ġor,5
48,1555,Ġline,5
49,3410,Ġprovide,5
50,770,Ġelse,5
51,1154,"Ġ,",5
52,24,9,5
53,2980,ĠCan,4
54,320,Ġ(,4
55,2041,Ġwithout,4
56,697,Ġyour,4
57,553,Ġby,4
58,1172,Ġonly,3
59,36958,fty,3
60,448,Ġwith,3
61,568,).,3
62,914,Ġstring,3
63,62,_,3
64,26,;,3
65,5107,Ġadditional,3
66,315,Ġof,3
67,109516,ä¸»è§Ĥ,3
68,323,Ġand,3
69,419,Ġthis,3
70,4362,Ġneeded,3
71,501,Ġnew,3
72,576,ĠThe,3
73,2503,Ġ...,3
74,12,-,2
75,73045,Ġlogically,2
76,42328,Ġduplicates,2
77,71703,Assistant,2
78,31683,Ġcomma,2
79,2382,ons,2
80,2686,Ġless,2
81,1105,Ġthem,2
82,1091,Ġthan,2
83,28996,without,2
84,55277,.imgur,2
85,3793,Ġterms,2
86,817,Ġper,2
87,1790,Ġnext,2
88,1035,Ġwould,2
89,18884,abama,2
90,11253,Ġanswers,2
91,59892,psilon,2
92,5912,Ġrule,2
93,26463,icol,2
94,2750,Ġvalues,2
95,9735,ĠTry,2
96,28843,Ġpione,1
97,81917,ĠExplain,1
98,330,"Ġ""",1
99,36420,Digit,1
100,2585,ĠHow,1
101,470,Ġreturn,1
102,41281,ingroup,1
103,389,Ġon,1
104,1855,Ġcreate,1
105,686,Ġwill,1
106,537,Ġnot,1
107,40565,ĠExtended,1
108,4302,Ġnothing,1
109,518,Ġat,1
110,120618,éĦĦ,1
111,4220,ĠThese,1
112,333,if,1
113,2014,ĠTo,1
114,1378,Ġtwo,1
115,11737,Ġfourth,1
116,2550,Ġoutput,1
117,20205,ĠBased,1
118,1008,Ġother,1
119,51830,ĠHint,1
120,856,Ġx,1
121,49334,Ġplausible,1
122,6839,Ġshown,1
123,4013,Ġseries,1
124,1075,Ġlike,1
125,1973,Ġorder,1
126,1741,Ġsuch,1
127,77662,ĠonData,1
128,2924,Ġinclude,1
129,41171,Ġcontinuation,1
130,7046,Ġgreater,1
131,1393,Ġwhile,1
132,90,{,1
133,374,Ġis,1
134,1265,Ġshould,1
135,1828,Ġown,1
136,807,Ġthey,1
137,16148,Ġexplanation,1
138,1410,Ġcould,1
139,2033,Ġresponse,1
140,653,Ġdo,1
141,1429,Ġmost,1
142,10339,Ġexplain,1
143,2790,Ġtotal,1
144,68217,.ElementAt,1
145,4718,ĠJSON,1
146,1184,Ġneed,1
147,4244,Ġwords,1
