number,d0,d1,d2,score
776,7,7,6,-2.6027441024780273
976,9,7,6,-2.625272750854492
766,7,6,6,-2.628845691680908
576,5,7,6,-2.650279998779297
966,9,6,6,-2.651374340057373
706,7,0,6,-2.669283151626587
566,5,6,6,-2.6763815879821777
376,3,7,6,-2.690019130706787
906,9,0,6,-2.6918115615844727
676,6,7,6,-2.7104249000549316
366,3,6,6,-2.716120719909668
506,5,0,6,-2.7168190479278564
796,7,9,6,-2.717759609222412
777,7,7,7,-2.728572368621826
666,6,6,6,-2.7365264892578125
996,9,9,6,-2.740288257598877
977,9,7,7,-2.751100778579712
767,7,6,7,-2.754673957824707
306,3,0,6,-2.7565579414367676
596,5,9,6,-2.7652955055236816
577,5,7,7,-2.7761082649230957
606,6,0,6,-2.7769641876220703
967,9,6,7,-2.7772023677825928
756,7,5,6,-2.7845096588134766
746,7,4,6,-2.784595489501953
707,7,0,7,-2.7951111793518066
876,8,7,6,-2.800732135772705
567,5,6,7,-2.8022098541259766
396,3,9,6,-2.805034637451172
956,9,5,6,-2.8070383071899414
946,9,4,6,-2.807124137878418
377,3,7,7,-2.815847158432007
907,9,0,7,-2.8176398277282715
786,7,8,6,-2.822814464569092
696,6,9,6,-2.8254406452178955
866,8,6,6,-2.826833724975586
556,5,5,6,-2.832045555114746
546,5,4,6,-2.8321313858032227
677,6,7,7,-2.8362531661987305
476,4,7,6,-2.838815212249756
367,3,6,7,-2.8419487476348877
507,5,0,7,-2.842647075653076
797,7,9,7,-2.843587875366211
986,9,8,6,-2.8453431129455566
176,1,7,6,-2.847806453704834
716,7,1,6,-2.848205089569092
779,7,7,9,-2.853142499923706
775,7,7,5,-2.8584628105163574
667,6,6,7,-2.8623547554016113
466,4,6,6,-2.8649168014526367
997,9,9,7,-2.866116523742676
806,8,0,6,-2.8672711849212646
586,5,8,6,-2.8703503608703613
916,9,1,6,-2.8707337379455566
356,3,5,6,-2.8717846870422363
346,3,4,6,-2.871870517730713
166,1,6,6,-2.873908042907715
979,9,7,9,-2.875670909881592
778,7,7,8,-2.8780956268310547
769,7,6,9,-2.879244089126587
975,9,7,5,-2.8809914588928223
307,3,0,7,-2.8823862075805664
770,7,7,0,-2.8836541175842285
774,7,7,4,-2.8844785690307617
765,7,6,5,-2.8845643997192383
597,5,9,7,-2.8911237716674805
656,6,5,6,-2.89219069480896
646,6,4,6,-2.8922765254974365
276,2,7,6,-2.894892692565918
516,5,1,6,-2.8957409858703613
773,7,7,3,-2.8960957527160645
978,9,7,8,-2.9006242752075195
579,5,7,9,-2.9006783962249756
969,9,6,9,-2.9017724990844727
607,6,0,7,-2.90279221534729
768,7,6,8,-2.9041972160339355
406,4,0,6,-2.9053540229797363
575,5,7,5,-2.905998706817627
970,9,7,0,-2.9061827659606934
974,9,7,4,-2.9070069789886475
965,9,6,5,-2.907093048095703
760,7,6,0,-2.9097557067871094
386,3,8,6,-2.9100894927978516
757,7,5,7,-2.9103379249572754
747,7,4,7,-2.910423755645752
764,7,6,4,-2.9105801582336426
106,1,0,6,-2.9143455028533936
896,8,9,6,-2.91574764251709
973,9,7,3,-2.91862416267395
709,7,0,9,-2.9196815490722656
266,2,6,6,-2.920994281768799
763,7,6,3,-2.9221973419189453
705,7,0,5,-2.925001859664917
578,5,7,8,-2.925631523132324
877,8,7,7,-2.926560401916504
968,9,6,8,-2.9267258644104004
569,5,6,9,-2.9267799854278564
686,6,8,6,-2.930495262145996
397,3,9,7,-2.9308629035949707
570,5,7,0,-2.931190013885498
574,5,7,4,-2.9320144653320312
565,5,6,5,-2.932100296020508
960,9,6,0,-2.932284355163574
957,9,5,7,-2.9328665733337402
947,9,4,7,-2.932952404022217
964,9,6,4,-2.9331085681915283
316,3,1,6,-2.9354801177978516
736,7,3,6,-2.9390721321105957
379,3,7,9,-2.9404172897338867
909,9,0,9,-2.9422101974487305
573,5,7,3,-2.943631649017334
708,7,0,8,-2.9446346759796143
963,9,6,3,-2.944725751876831
375,3,7,5,-2.945737838745117
905,9,0,5,-2.9475302696228027
787,7,8,7,-2.9486427307128906
700,7,0,0,-2.950193405151367
704,7,0,4,-2.951017379760742
697,6,9,7,-2.9512686729431152
076,0,7,6,-2.951399326324463
568,5,6,8,-2.951733112335205
867,8,6,7,-2.9526619911193848
496,4,9,6,-2.9538307189941406
616,6,1,6,-2.955885887145996
560,5,6,0,-2.957291603088379
557,5,5,7,-2.957873821258545
547,5,4,7,-2.9579596519470215
564,5,6,4,-2.958116054534912
679,6,7,9,-2.9608235359191895
206,2,0,6,-2.9614319801330566
936,9,3,6,-2.9616007804870605
703,7,0,3,-2.962634563446045
196,1,9,6,-2.9628219604492188
477,4,7,7,-2.9646432399749756
378,3,7,8,-2.9653706550598145
675,6,7,5,-2.9661436080932617
369,3,6,9,-2.9665188789367676
908,9,0,8,-2.9671630859375
509,5,0,9,-2.967217445373535
799,7,9,9,-2.96815824508667
563,5,6,3,-2.969733238220215
370,3,7,0,-2.9709291458129883
987,9,8,7,-2.9711711406707764
374,3,7,4,-2.9717533588409424
365,3,6,5,-2.971839427947998
505,5,0,5,-2.9725377559661865
900,9,0,0,-2.972721815109253
795,7,9,5,-2.973478317260742
904,9,0,4,-2.973546028137207
177,1,7,7,-2.973634719848633
717,7,1,7,-2.9740333557128906
066,0,6,6,-2.9775009155273438
856,8,5,6,-2.9824976921081543
846,8,4,6,-2.982583522796631
373,3,7,3,-2.983370542526245
903,9,0,3,-2.9851632118225098
678,6,7,8,-2.985776424407959
536,5,3,6,-2.9866080284118652
669,6,6,9,-2.9869251251220703
999,9,9,9,-2.9906866550445557
467,4,6,7,-2.9907448291778564
771,7,7,1,-2.9911465644836426
670,6,7,0,-2.991335153579712
368,3,6,8,-2.9914722442626953
674,6,7,4,-2.992159366607666
508,5,0,8,-2.992170572280884
665,6,6,5,-2.9922451972961426
807,8,0,7,-2.9930992126464844
798,7,9,8,-2.9931111335754395
995,9,9,5,-2.996006965637207
587,5,8,7,-2.99617862701416
917,9,1,7,-2.9965617656707764
360,3,6,0,-2.997030735015869
357,3,5,7,-2.997612953186035
347,3,4,7,-2.9976987838745117
500,5,0,0,-2.9977293014526367
364,3,6,4,-2.9978549480438232
504,5,0,4,-2.9985532760620117
790,7,9,0,-2.9986698627471924
794,7,9,4,-2.9994940757751465
167,1,6,7,-2.9997363090515137
673,6,7,3,-3.0037765502929688
309,3,0,9,-3.0069565773010254
363,3,6,3,-3.009472131729126
296,2,9,6,-3.009908437728882
503,5,0,3,-3.0101704597473145
793,7,9,3,-3.011111259460449
668,6,6,8,-3.01187801361084
305,3,0,5,-3.0122766494750977
971,9,7,1,-3.0136749744415283
998,9,9,8,-3.0156397819519043
599,5,9,9,-3.0156939029693604
761,7,6,1,-3.0172481536865234
660,6,6,0,-3.0174367427825928
006,0,0,6,-3.0179383754730225
657,6,5,7,-3.0180187225341797
647,6,4,7,-3.0181045532226562
664,6,6,4,-3.018260955810547
456,4,5,6,-3.020580768585205
446,4,4,6,-3.0206665992736816
277,2,7,7,-3.020720958709717
886,8,8,6,-3.0208024978637695
595,5,9,5,-3.0210142135620117
990,9,9,0,-3.021198272705078
517,5,1,7,-3.02156925201416
994,9,9,4,-3.0220227241516113
336,3,3,6,-3.0263471603393555
609,6,0,9,-3.02736234664917
156,1,5,6,-3.029572010040283
146,1,4,6,-3.0296578407287598
663,6,6,3,-3.0298781394958496
407,4,0,7,-3.031182289123535
308,3,0,8,-3.031909465789795
605,6,0,5,-3.0326828956604004
993,9,9,3,-3.033639907836914
759,7,5,9,-3.0349082946777344
749,7,4,9,-3.034994125366211
387,3,8,7,-3.0359175205230713
300,3,0,0,-3.037468194961548
304,3,0,4,-3.038292407989502
571,5,7,1,-3.038682460784912
961,9,6,1,-3.039776563644409
107,1,0,7,-3.0401735305786133
755,7,5,5,-3.0402283668518066
745,7,4,5,-3.040314197540283
598,5,9,8,-3.040647029876709
897,8,9,7,-3.0415759086608887
816,8,1,6,-3.0461931228637695
590,5,9,0,-3.046205520629883
636,6,3,6,-3.0467529296875
267,2,6,7,-3.0468225479125977
594,5,9,4,-3.047029972076416
303,3,0,3,-3.0499095916748047
879,8,7,9,-3.051130533218384
608,6,0,8,-3.0523157119750977
399,3,9,9,-3.0554330348968506
687,6,8,7,-3.056323528289795
875,8,7,5,-3.056450843811035
959,9,5,9,-3.05743670463562
949,9,4,9,-3.0575225353240967
701,7,0,1,-3.057685375213623
600,6,0,0,-3.0578742027282715
593,5,9,3,-3.0586471557617188
604,6,0,4,-3.0586984157562256
486,4,8,6,-3.0588855743408203
758,7,5,8,-3.059861183166504
748,7,4,8,-3.0599470138549805
395,3,9,5,-3.060753345489502
317,3,1,7,-3.0613081455230713
955,9,5,5,-3.0627570152282715
945,9,4,5,-3.062842845916748
561,5,6,1,-3.064784049987793
737,7,3,7,-3.0649003982543945
750,7,5,0,-3.065419912338257
740,7,4,0,-3.0655057430267334
754,7,5,4,-3.066244125366211
744,7,4,4,-3.0663299560546875
096,0,9,6,-3.0664148330688477
186,1,8,6,-3.0678768157958984
603,6,0,3,-3.0703155994415283
789,7,8,9,-3.0732128620147705
699,6,9,9,-3.075839042663574
878,8,7,8,-3.0760836601257324
256,2,5,6,-3.0766584873199463
246,2,4,6,-3.076744318008423
077,0,7,7,-3.0772275924682617
869,8,6,9,-3.0772321224212646
753,7,5,3,-3.0778613090515137
743,7,4,3,-3.0779471397399902
371,3,7,1,-3.0784213542938232
785,7,8,5,-3.078533172607422
497,4,9,7,-3.0796589851379395
901,9,0,1,-3.080214023590088
398,3,9,8,-3.080386161804199
695,6,9,5,-3.0811593532562256
870,8,7,0,-3.0816421508789062
617,6,1,7,-3.081714153289795
958,9,5,8,-3.0823898315429688
559,5,5,9,-3.082443952560425
874,8,7,4,-3.0824666023254395
948,9,4,8,-3.0824756622314453
549,5,4,9,-3.0825297832489014
865,8,6,5,-3.082552433013916
416,4,1,6,-3.0842761993408203
390,3,9,0,-3.085944652557373
394,3,9,4,-3.0867691040039062
207,2,0,7,-3.0872600078582764
937,9,3,7,-3.0874288082122803
555,5,5,5,-3.087764263153076
545,5,4,5,-3.0878500938415527
950,9,5,0,-3.0879483222961426
940,9,4,0,-3.088034152984619
197,1,9,7,-3.0886502265930176
954,9,5,4,-3.088772773742676
944,9,4,4,-3.0888586044311523
479,4,7,9,-3.0892133712768555
772,7,7,2,-3.0900800228118896
116,1,1,6,-3.0932674407958984
873,8,7,3,-3.094083786010742
475,4,7,5,-3.094533920288086
989,9,8,9,-3.0957412719726562
788,7,8,8,-3.098165988922119
179,1,7,9,-3.0982048511505127
393,3,9,3,-3.098386287689209
719,7,1,9,-3.0986034870147705
671,6,7,1,-3.098827362060547
953,9,5,3,-3.1003899574279785
943,9,4,3,-3.100475788116455
698,6,9,8,-3.100792169570923
985,9,8,5,-3.1010618209838867
868,8,6,8,-3.1021852493286133
067,0,6,7,-3.1033291816711426
175,1,7,5,-3.103525161743164
780,7,8,0,-3.103724479675293
715,7,1,5,-3.103923797607422
361,3,6,1,-3.104522943496704
784,7,8,4,-3.104548931121826
501,5,0,1,-3.1052212715148926
791,7,9,1,-3.1061620712280273
690,6,9,0,-3.106350898742676
694,6,9,4,-3.107174873352051
558,5,5,8,-3.1073970794677734
548,5,4,8,-3.10748291015625
860,8,6,0,-3.107743740081787
857,8,5,7,-3.108325958251953
847,8,4,7,-3.1084117889404297
864,8,6,4,-3.1085681915283203
537,5,3,7,-3.112436294555664
972,9,7,2,-3.1126084327697754
550,5,5,0,-3.1129555702209473
540,5,4,0,-3.113041400909424
554,5,5,4,-3.1137800216674805
544,5,4,4,-3.113865852355957
478,4,7,8,-3.114166736602783
286,2,8,6,-3.1149630546569824
469,4,6,9,-3.1153149604797363
783,7,8,3,-3.116166114807129
762,7,6,2,-3.1161816120147705
726,7,2,6,-3.1170878410339355
809,8,0,9,-3.1176695823669434
693,6,9,3,-3.1187920570373535
470,4,7,0,-3.119725227355957
863,8,6,3,-3.120185375213623
474,4,7,4,-3.120549440383911
465,4,6,5,-3.120635509490967
988,9,8,8,-3.120694637298584
589,5,8,9,-3.12074875831604
919,9,1,9,-3.1211318969726562
359,3,5,9,-3.122183084487915
349,3,4,9,-3.1222689151763916
805,8,0,5,-3.1229898929595947
178,1,7,8,-3.1231579780578613
718,7,1,8,-3.123556613922119
169,1,6,9,-3.1243064403533936
661,6,6,1,-3.1249289512634277
553,5,5,3,-3.125397205352783
543,5,4,3,-3.1254830360412598
585,5,8,5,-3.1260690689086914
980,9,8,0,-3.126253128051758
915,9,1,5,-3.1264524459838867
984,9,8,4,-3.127077341079712
355,3,5,5,-3.1275033950805664
345,3,4,5,-3.127589225769043
991,9,9,1,-3.128690719604492
170,1,7,0,-3.128716468811035
710,7,1,0,-3.129115104675293
174,1,7,4,-3.1295409202575684
165,1,6,5,-3.129626750946045
714,7,1,4,-3.129939556121826
473,4,7,3,-3.132166624069214
056,0,5,6,-3.133164882659912
046,0,4,6,-3.1332507133483887
297,2,9,7,-3.1357364654541016
836,8,3,6,-3.1370601654052734
572,5,7,2,-3.137615919113159
983,9,8,3,-3.1386945247650146
962,9,6,2,-3.1387100219726562
926,9,2,6,-3.1396164894104004
468,4,6,8,-3.140268325805664
216,2,1,6,-3.1403536796569824
173,1,7,3,-3.141158103942871
713,7,1,3,-3.141556739807129
659,6,5,9,-3.1425890922546387
808,8,0,8,-3.142622709274292
649,6,4,9,-3.1426749229431152
007,0,0,7,-3.143766403198242
301,3,0,1,-3.144960403442383
279,2,7,9,-3.145291328430176
588,5,8,8,-3.1457018852233887
460,4,6,0,-3.145826816558838
918,9,1,8,-3.146085262298584
519,5,1,9,-3.14613938331604
457,4,5,7,-3.146409034729004
447,4,4,7,-3.1464948654174805
887,8,8,7,-3.1466307640075684
464,4,6,4,-3.146651029586792
358,3,5,8,-3.1471362113952637
348,3,4,8,-3.1472220420837402
655,6,5,5,-3.14790940284729
645,6,4,5,-3.1479952335357666
800,8,0,0,-3.148181438446045
804,8,0,4,-3.14900541305542
168,1,6,8,-3.149259567260742
275,2,7,5,-3.150611400604248
580,5,8,0,-3.1512603759765625
515,5,1,5,-3.1514596939086914
910,9,1,0,-3.151643753051758
584,5,8,4,-3.1520848274230957
337,3,3,7,-3.152175188064575
914,9,1,4,-3.152467966079712
350,3,5,0,-3.1526947021484375
340,3,4,0,-3.152780532836914
354,3,5,4,-3.1535191535949707
344,3,4,4,-3.1536049842834473
591,5,9,1,-3.153697967529297
160,1,6,0,-3.154818058013916
157,1,5,7,-3.155400276184082
147,1,4,7,-3.1554861068725586
164,1,6,4,-3.155642509460449
409,4,0,9,-3.155752658843994
702,7,0,2,-3.156619071960449
463,4,6,3,-3.1582682132720947
389,3,8,9,-3.160487651824951
803,8,0,3,-3.1606225967407227
405,4,0,5,-3.1610727310180664
583,5,8,3,-3.1637020111083984
562,5,6,2,-3.16371750831604
913,9,1,3,-3.1640851497650146
526,5,2,6,-3.164623737335205
109,1,0,9,-3.1647439002990723
353,3,5,3,-3.1651363372802734
343,3,4,3,-3.16522216796875
601,6,0,1,-3.1653664112091064
385,3,8,5,-3.1658082008361816
899,8,9,9,-3.1661462783813477
163,1,6,3,-3.167259693145752
658,6,5,8,-3.1675422191619873
648,6,4,8,-3.167628049850464
105,1,0,5,-3.1700642108917236
278,2,7,8,-3.1702442169189453
518,5,1,8,-3.1710925102233887
269,2,6,9,-3.1713929176330566
895,8,9,5,-3.17146635055542
086,0,8,6,-3.1714696884155273
817,8,1,7,-3.1720213890075684
637,6,3,7,-3.172581195831299
751,7,5,1,-3.172912120819092
741,7,4,1,-3.1729979515075684
650,6,5,0,-3.1731009483337402
640,6,4,0,-3.173186779022217
654,6,5,4,-3.1739249229431152
644,6,4,4,-3.174010753631592
436,4,3,6,-3.175143241882324
270,2,7,0,-3.1758029460906982
274,2,7,4,-3.1766271591186523
510,5,1,0,-3.1766510009765625
265,2,6,5,-3.176712989807129
372,3,7,2,-3.1773548126220703
514,5,1,4,-3.1774754524230957
902,9,0,2,-3.179147720336914
408,4,0,8,-3.1807055473327637
689,6,8,9,-3.180893898010254
136,1,3,6,-3.1841344833374023
487,4,8,7,-3.18471360206604
388,3,8,8,-3.185441017150879
653,6,5,3,-3.185542106628418
643,6,4,3,-3.1856279373168945
319,3,1,9,-3.185878276824951
685,6,8,5,-3.186213970184326
400,4,0,0,-3.1862642765045166
404,4,0,4,-3.1870884895324707
273,2,7,3,-3.188244342803955
513,5,1,3,-3.1890926361083984
871,8,7,1,-3.1891345977783203
739,7,3,9,-3.1894705295562744
108,1,0,8,-3.189697027206421
380,3,8,0,-3.1909995079040527
898,8,9,8,-3.191099166870117
315,3,1,5,-3.1911988258361816
384,3,8,4,-3.191823720932007
097,0,9,7,-3.1922430992126465
391,3,9,1,-3.193437099456787
187,1,8,7,-3.1937050819396973
735,7,3,5,-3.194790840148926
100,1,0,0,-3.195255756378174
951,9,5,1,-3.1954407691955566
941,9,4,1,-3.195526599884033
104,1,0,4,-3.196079730987549
268,2,6,8,-3.196345806121826
890,8,9,0,-3.19665789604187
016,0,1,6,-3.1968603134155273
894,8,9,4,-3.197482109069824
672,6,7,2,-3.197761058807373
403,4,0,3,-3.1987056732177734
079,0,7,9,-3.2017977237701416
260,2,6,0,-3.201904535293579
257,2,5,7,-3.202486515045166
247,2,4,7,-3.2025723457336426
264,2,6,4,-3.202728748321533
383,3,8,3,-3.2034409046173096
362,3,6,2,-3.203456401824951
502,5,0,2,-3.2041549682617188
499,4,9,9,-3.2042291164398193
326,3,2,6,-3.204362630844116
792,7,9,2,-3.2050957679748535
688,6,8,8,-3.2058467864990234
619,6,1,9,-3.206284523010254
075,0,7,5,-3.207118034362793
103,1,0,3,-3.2076969146728516
893,8,9,3,-3.209099292755127
495,4,9,5,-3.2095494270324707
417,4,1,7,-3.21010422706604
318,3,1,8,-3.210831642150879
781,7,8,1,-3.211216926574707
680,6,8,0,-3.2114055156707764
615,6,1,5,-3.211604595184326
209,2,0,9,-3.2118301391601562
939,9,3,9,-3.21199893951416
684,6,8,4,-3.2122297286987305
199,1,9,9,-3.2132205963134766
691,6,9,1,-3.2138428688049316
263,2,6,3,-3.214345932006836
738,7,3,8,-3.214423656463623
861,8,6,1,-3.215236186981201
310,3,1,0,-3.2163901329040527
205,2,0,5,-3.2171506881713867
314,3,1,4,-3.217214345932007
935,9,3,5,-3.2173194885253906
195,1,9,5,-3.218540668487549
117,1,1,7,-3.2190957069396973
730,7,3,0,-3.219982147216797
551,5,5,1,-3.2204480171203613
541,5,4,1,-3.220533847808838
734,7,3,4,-3.22080659866333
683,6,8,3,-3.223846912384033
662,6,6,2,-3.223862648010254
626,6,2,6,-3.22476863861084
078,0,7,8,-3.2267508506774902
471,4,7,1,-3.227217435836792
992,9,9,2,-3.2276241779327393
069,0,6,9,-3.2278993129730225
313,3,1,3,-3.2288315296173096
498,4,9,8,-3.229182243347168
236,2,3,6,-3.2312207221984863
618,6,1,8,-3.2312374114990234
070,0,7,0,-3.232309341430664
733,7,3,3,-3.232423782348633
859,8,5,9,-3.232896327972412
849,8,4,9,-3.2329821586608887
074,0,7,4,-3.2331337928771973
065,0,6,5,-3.233219623565674
981,9,8,1,-3.2337453365325928
490,4,9,0,-3.234740734100342
494,4,9,4,-3.235565185546875
171,1,7,1,-3.236208915710449
711,7,1,1,-3.236607551574707
208,2,0,8,-3.236783504486084
610,6,1,0,-3.2367961406707764
938,9,3,8,-3.236952304840088
539,5,3,9,-3.237006425857544
614,6,1,4,-3.2376203536987305
198,1,9,8,-3.238173484802246
855,8,5,5,-3.2382164001464844
845,8,4,5,-3.238302230834961
287,2,8,7,-3.2407913208007812
535,5,3,5,-3.2423267364501953
200,2,0,0,-3.242341995239258
930,9,3,0,-3.2425107955932617
727,7,2,7,-3.2429161071777344
204,2,0,4,-3.243166208267212
934,9,3,4,-3.243335008621216
190,1,9,0,-3.243732213973999
302,3,0,2,-3.243894100189209
194,1,9,4,-3.244556427001953
073,0,7,3,-3.2447509765625
493,4,9,3,-3.2471823692321777
613,6,1,3,-3.249237537384033
592,5,9,2,-3.252631425857544
068,0,6,8,-3.252852439880371
461,4,6,1,-3.253319025039673
203,2,0,3,-3.2547833919525146
933,9,3,3,-3.2549521923065186
801,8,0,1,-3.255673408508301
193,1,9,3,-3.256173610687256
858,8,5,8,-3.2578492164611816
848,8,4,8,-3.257935047149658
060,0,6,0,-3.258410930633545
581,5,8,1,-3.2587528228759766
057,0,5,7,-3.258993148803711
047,0,4,7,-3.2590789794921875
911,9,1,1,-3.2591359615325928
064,0,6,4,-3.259235382080078
351,3,5,1,-3.2601871490478516
341,3,4,1,-3.260272979736328
299,2,9,9,-3.2603068351745605
538,5,3,8,-3.2619595527648926
161,1,6,1,-3.26231050491333
837,8,3,7,-3.2628884315490723
850,8,5,0,-3.2634079456329346
840,8,4,0,-3.263493776321411
854,8,5,4,-3.2642321586608887
602,6,0,2,-3.2642998695373535
844,8,4,4,-3.2643179893493652
927,9,2,7,-3.26544451713562
295,2,9,5,-3.265627145767212
217,2,1,7,-3.2661819458007812
530,5,3,0,-3.2675180435180664
009,0,0,9,-3.268336772918701
534,5,3,4,-3.2683424949645996
063,0,6,3,-3.270852565765381
459,4,5,9,-3.270979166030884
449,4,4,9,-3.2710649967193604
889,8,8,9,-3.2712008953094482
752,7,5,2,-3.271845817565918
742,7,4,2,-3.2719316482543945
005,0,0,5,-3.2736570835113525
853,8,5,3,-3.2758493423461914
843,8,4,3,-3.275935173034668
455,4,5,5,-3.276299476623535
445,4,4,5,-3.2763853073120117
885,8,8,5,-3.2765212059020996
339,3,3,9,-3.276745319366455
533,5,3,3,-3.2799596786499023
159,1,5,9,-3.279970645904541
149,1,4,9,-3.2800564765930176
651,6,5,1,-3.280592918395996
641,6,4,1,-3.2806787490844727
335,3,3,5,-3.2820658683776855
271,2,7,1,-3.283295154571533
511,5,1,1,-3.2841434478759766
298,2,9,8,-3.285259962081909
155,1,5,5,-3.2852907180786133
145,1,4,5,-3.28537654876709
036,0,3,6,-3.2877273559570312
872,8,7,2,-3.2880680561065674
527,5,2,7,-3.290452003479004
290,2,9,0,-3.290818691253662
294,2,9,4,-3.291642665863037
392,3,9,2,-3.292370557785034
008,0,0,8,-3.29328989982605
401,4,0,1,-3.2937564849853516
952,9,5,2,-3.2943742275238037
942,9,4,2,-3.2944600582122803
458,4,5,8,-3.2959322929382324
448,4,4,8,-3.296018123626709
888,8,8,8,-3.296154022216797
819,8,1,9,-3.2965915203094482
639,6,3,9,-3.297151565551758
087,0,8,7,-3.297297954559326
381,3,8,1,-3.2984917163848877
000,0,0,0,-3.2988486289978027
004,0,0,4,-3.2996726036071777
437,4,3,7,-3.300971508026123
450,4,5,0,-3.3014907836914062
440,4,4,0,-3.301576614379883
338,3,3,8,-3.301698684692383
880,8,8,0,-3.3017125129699707
815,8,1,5,-3.3019118309020996
454,4,5,4,-3.3023152351379395
444,4,4,4,-3.302401065826416
635,6,3,5,-3.30247163772583
884,8,8,4,-3.302536964416504
101,1,0,1,-3.3027477264404297
293,2,9,3,-3.30325984954834
891,8,9,1,-3.304150104522705
158,1,5,8,-3.3049235343933105
148,1,4,8,-3.305009365081787
330,3,3,0,-3.3072571754455566
334,3,3,4,-3.3080813884735107
489,4,8,9,-3.30928373336792
261,2,6,1,-3.309396743774414
137,1,3,7,-3.309962749481201
782,7,8,2,-3.310150384902954
150,1,5,0,-3.3104822635650635
140,1,4,0,-3.31056809425354
003,0,0,3,-3.3112897872924805
154,1,5,4,-3.3113064765930176
144,1,4,4,-3.311392307281494
692,6,9,2,-3.312776565551758
453,4,5,3,-3.313932418823242
443,4,4,3,-3.3140182495117188
883,8,8,3,-3.3141541481018066
862,8,6,2,-3.3141696453094482
485,4,8,5,-3.3146042823791504
826,8,2,6,-3.3150758743286133
099,0,9,9,-3.3168134689331055
189,1,8,9,-3.318275213241577
681,6,8,1,-3.3188977241516113
552,5,5,2,-3.3193814754486084
542,5,4,2,-3.319467306137085
333,3,3,3,-3.3196985721588135
818,8,1,8,-3.321544647216797
638,6,3,8,-3.3221044540405273
095,0,9,5,-3.3221335411071777
017,0,1,7,-3.322688579559326
153,1,5,3,-3.3229236602783203
143,1,4,3,-3.323009490966797
185,1,8,5,-3.3235955238342285
311,3,1,1,-3.3238823413848877
472,4,7,2,-3.326150894165039
259,2,5,9,-3.327056884765625
810,8,1,0,-3.3271031379699707
249,2,4,9,-3.3271427154541016
731,7,3,1,-3.327474594116211
630,6,3,0,-3.3276631832122803
814,8,1,4,-3.327927589416504
634,6,3,4,-3.3284873962402344
327,3,2,7,-3.330190658569336
255,2,5,5,-3.3323771953582764
245,2,4,5,-3.332463026046753
982,9,8,2,-3.33267879486084
488,4,8,8,-3.3342370986938477
419,4,1,9,-3.33467435836792
172,1,7,2,-3.3351423740386963
712,7,1,2,-3.335541009902954
813,8,1,3,-3.3395447731018066
480,4,8,0,-3.3397955894470215
071,0,7,1,-3.339801788330078
415,4,1,5,-3.3399949073791504
633,6,3,3,-3.340104579925537
484,4,8,4,-3.3406198024749756
098,0,9,8,-3.341766357421875
491,4,9,1,-3.342233180999756
188,1,8,8,-3.343228340148926
119,1,1,9,-3.343665838241577
611,6,1,1,-3.3442883491516113
090,0,9,0,-3.347325086593628
094,0,9,4,-3.348149299621582
180,1,8,0,-3.3487868309020996
115,1,1,5,-3.3489861488342285
184,1,8,4,-3.349611282348633
201,2,0,1,-3.3498342037200928
931,9,3,1,-3.3500030040740967
627,6,2,7,-3.3505969047546387
191,1,9,1,-3.351224422454834
258,2,5,8,-3.3520100116729736
248,2,4,8,-3.35209584236145
483,4,8,3,-3.3522369861602783
462,4,6,2,-3.35225248336792
426,4,2,6,-3.353158950805664
802,8,0,2,-3.354607105255127
237,2,3,7,-3.357048988342285
250,2,5,0,-3.3575687408447266
240,2,4,0,-3.357654571533203
582,5,8,2,-3.3576862812042236
912,9,1,2,-3.35806941986084
254,2,5,4,-3.3583927154541016
244,2,4,4,-3.358478546142578
352,3,5,2,-3.3591206073760986
342,3,4,2,-3.359206438064575
418,4,1,8,-3.3596277236938477
093,0,9,3,-3.3597664833068848
183,1,8,3,-3.3612284660339355
162,1,6,2,-3.361243963241577
126,1,2,6,-3.362150192260742
410,4,1,0,-3.3651862144470215
289,2,8,9,-3.3653616905212402
061,0,6,1,-3.365903377532959
414,4,1,4,-3.3660104274749756
729,7,2,9,-3.3674862384796143
118,1,1,8,-3.368618965148926
253,2,5,3,-3.3700098991394043
243,2,4,3,-3.370095729827881
285,2,8,5,-3.3706817626953125
851,8,5,1,-3.3709001541137695
841,8,4,1,-3.370985984802246
725,7,2,5,-3.3728065490722656
110,1,1,0,-3.3741774559020996
114,1,1,4,-3.375001907348633
531,5,3,1,-3.3750104904174805
413,4,1,3,-3.3776276111602783
652,6,5,2,-3.3795266151428223
642,6,4,2,-3.379612445831299
272,2,7,2,-3.3822288513183594
512,5,1,2,-3.3830769062042236
059,0,5,9,-3.38356351852417
049,0,4,9,-3.3836493492126465
113,1,1,3,-3.3866190910339355
839,8,3,9,-3.387458562850952
055,0,5,5,-3.388883590698242
045,0,4,5,-3.3889694213867188
929,9,2,9,-3.3900146484375
288,2,8,8,-3.3903145790100098
219,2,1,9,-3.3907523155212402
728,7,2,8,-3.392439365386963
402,4,0,2,-3.3926901817321777
835,8,3,5,-3.3927788734436035
925,9,2,5,-3.3953351974487305
280,2,8,0,-3.3958733081817627
215,2,1,5,-3.3960723876953125
284,2,8,4,-3.396697521209717
382,3,8,2,-3.3974251747131348
720,7,2,0,-3.3979978561401367
291,2,9,1,-3.398310661315918
724,7,2,4,-3.39882230758667
102,1,0,2,-3.401681423187256
892,8,9,2,-3.4030838012695312
001,0,0,1,-3.4063405990600586
283,2,8,3,-3.4083147048950195
262,2,6,2,-3.4083304405212402
058,0,5,8,-3.4085164070129395
048,0,4,8,-3.408602237701416
451,4,5,1,-3.4089832305908203
441,4,4,1,-3.409069061279297
881,8,8,1,-3.4092049598693848
226,2,2,6,-3.409236431121826
723,7,2,3,-3.4104394912719727
838,8,3,8,-3.412411689758301
037,0,3,7,-3.41355562210083
050,0,5,0,-3.4140751361846924
040,0,4,0,-3.414160966873169
331,3,3,1,-3.4147493839263916
054,0,5,4,-3.4148993492126465
928,9,2,8,-3.4149680137634277
044,0,4,4,-3.414985179901123
529,5,2,9,-3.415022134780884
218,2,1,8,-3.4157052040100098
682,6,8,2,-3.4178314208984375
830,8,3,0,-3.4179701805114746
151,1,5,1,-3.4179744720458984
141,1,4,1,-3.418060302734375
834,8,3,4,-3.418794631958008
525,5,2,5,-3.420342445373535
920,9,2,0,-3.4205265045166016
210,2,1,0,-3.4212639331817627
924,9,2,4,-3.4213507175445557
089,0,8,9,-3.421868085861206
214,2,1,4,-3.422088146209717
312,3,1,2,-3.4228157997131348
439,4,3,9,-3.425541639328003
732,7,3,2,-3.426408052444458
053,0,5,3,-3.426516532897949
043,0,4,3,-3.426602363586426
085,0,8,5,-3.4271883964538574
833,8,3,3,-3.4304118156433105
435,4,3,5,-3.4308619499206543
923,9,2,3,-3.4329679012298584
213,2,1,3,-3.4337053298950195
139,1,3,9,-3.434532880783081
811,8,1,1,-3.4345955848693848
631,6,3,1,-3.4351553916931152
072,0,7,2,-3.438735246658325
135,1,3,5,-3.4398531913757324
528,5,2,8,-3.4399752616882324
827,8,2,7,-3.440904140472412
492,4,9,2,-3.441166639328003
612,6,1,2,-3.4432220458984375
520,5,2,0,-3.4455337524414062
524,5,2,4,-3.4463582038879395
088,0,8,8,-3.4468212127685547
019,0,1,9,-3.447258710861206
481,4,8,1,-3.4472877979278564
202,2,0,2,-3.44876766204834
932,9,3,2,-3.4489364624023438
192,1,9,2,-3.45015811920166
438,4,3,8,-3.4504947662353516
080,0,8,0,-3.4523797035217285
015,0,1,5,-3.4525790214538574
084,0,8,4,-3.4532041549682617
329,3,2,9,-3.454761028289795
091,0,9,1,-3.454817295074463
430,4,3,0,-3.4560532569885254
181,1,8,1,-3.4562792778015137
434,4,3,4,-3.4568777084350586
523,5,2,3,-3.457975387573242
138,1,3,8,-3.4594860076904297
325,3,2,5,-3.4600813388824463
083,0,8,3,-3.4648213386535645
062,0,6,2,-3.464836835861206
130,1,3,0,-3.4650444984436035
251,2,5,1,-3.4650607109069824
241,2,4,1,-3.465146541595459
026,0,2,6,-3.465743064880371
134,1,3,4,-3.4658689498901367
433,4,3,3,-3.4684948921203613
852,8,5,2,-3.4698338508605957
842,8,4,2,-3.4699196815490723
018,0,1,8,-3.4722118377685547
411,4,1,1,-3.4726784229278564
532,5,3,2,-3.4739439487457275
629,6,2,9,-3.4751670360565186
133,1,3,3,-3.4774861335754395
010,0,1,0,-3.4777703285217285
014,0,1,4,-3.4785947799682617
427,4,2,7,-3.478987216949463
328,3,2,8,-3.4797141551971436
625,6,2,5,-3.48048734664917
239,2,3,9,-3.481619119644165
111,1,1,1,-3.4816699028015137
320,3,2,0,-3.4852728843688965
324,3,2,4,-3.4860968589782715
235,2,3,5,-3.4869394302368164
127,1,2,7,-3.487978458404541
013,0,1,3,-3.4902119636535645
292,2,9,2,-3.497244358062744
323,3,2,3,-3.497714042663574
628,6,2,8,-3.500120162963867
281,2,8,1,-3.5033655166625977
002,0,0,2,-3.5052742958068848
721,7,2,1,-3.505490303039551
620,6,2,0,-3.505678653717041
624,6,2,4,-3.506503105163574
238,2,3,8,-3.5065722465515137
452,4,5,2,-3.5079166889190674
442,4,4,2,-3.508002519607544
882,8,8,2,-3.508138418197632
230,2,3,0,-3.5121307373046875
234,2,3,4,-3.5129551887512207
332,3,3,2,-3.5136828422546387
152,1,5,2,-3.5169081687927246
142,1,4,2,-3.516993999481201
623,6,2,3,-3.518120288848877
051,0,5,1,-3.5215673446655273
041,0,4,1,-3.521653175354004
233,2,3,3,-3.5245723724365234
831,8,3,1,-3.5254626274108887
921,9,2,1,-3.5280187129974365
211,2,1,1,-3.5287561416625977
812,8,1,2,-3.533529043197632
632,6,3,2,-3.5340890884399414
227,2,2,7,-3.535064697265625
039,0,3,9,-3.53812575340271
035,0,3,5,-3.5434460639953613
482,4,8,2,-3.5462212562561035
521,5,2,1,-3.5530261993408203
092,0,9,2,-3.553750991821289
182,1,8,2,-3.5552127361297607
081,0,8,1,-3.5598721504211426
038,0,3,8,-3.5630788803100586
431,4,3,1,-3.5635457038879395
252,2,5,2,-3.5639944076538086
242,2,4,2,-3.564080238342285
829,8,2,9,-3.565474271774292
030,0,3,0,-3.5686373710632324
034,0,3,4,-3.5694618225097656
825,8,2,5,-3.5707945823669434
412,4,1,2,-3.5716118812561035
131,1,3,1,-3.5725369453430176
112,1,1,2,-3.5806033611297607
033,0,3,3,-3.5810790061950684
011,0,1,1,-3.5852627754211426
828,8,2,8,-3.5904273986816406
027,0,2,7,-3.59157133102417
321,3,2,1,-3.5927648544311523
820,8,2,0,-3.5959858894348145
824,8,2,4,-3.5968103408813477
282,2,8,2,-3.602299213409424
429,4,2,9,-3.6035573482513428
722,7,2,2,-3.604423761367798
823,8,2,3,-3.6084275245666504
425,4,2,5,-3.608877658843994
129,1,2,9,-3.612548589706421
621,6,2,1,-3.613171100616455
125,1,2,5,-3.6178689002990723
231,2,3,1,-3.6196231842041016
052,0,5,2,-3.6205010414123535
042,0,4,2,-3.62058687210083
832,8,3,2,-3.6243960857391357
922,9,2,2,-3.6269521713256836
212,2,1,2,-3.627689838409424
428,4,2,8,-3.6285104751586914
420,4,2,0,-3.6340689659118652
424,4,2,4,-3.6348934173583984
128,1,2,8,-3.6375017166137695
120,1,2,0,-3.6430602073669434
124,1,2,4,-3.6438846588134766
423,4,2,3,-3.646510601043701
522,5,2,2,-3.6519596576690674
123,1,2,3,-3.6555018424987793
082,0,8,2,-3.6588056087493896
229,2,2,9,-3.659634828567505
432,4,3,2,-3.6624791622161865
225,2,2,5,-3.6649551391601562
132,1,3,2,-3.6714704036712646
031,0,3,1,-3.6761298179626465
012,0,1,2,-3.6841962337493896
228,2,2,8,-3.6845879554748535
220,2,2,0,-3.6901464462280273
224,2,2,4,-3.6909708976745605
322,3,2,2,-3.6916985511779785
223,2,2,3,-3.7025880813598633
821,8,2,1,-3.7034783363342285
622,6,2,2,-3.712104558944702
029,0,2,9,-3.71614146232605
232,2,3,2,-3.7185566425323486
025,0,2,5,-3.721461772918701
028,0,2,8,-3.7410945892333984
421,4,2,1,-3.7415614128112793
020,0,2,0,-3.7466530799865723
024,0,2,4,-3.7474775314331055
121,1,2,1,-3.7505526542663574
023,0,2,3,-3.759094715118408
032,0,3,2,-3.7750632762908936
221,2,2,1,-3.7976388931274414
822,8,2,2,-3.8024117946624756
422,4,2,2,-3.8404948711395264
122,1,2,2,-3.8494861125946045
021,0,2,1,-3.8541455268859863
222,2,2,2,-3.8965723514556885
022,0,2,2,-3.9530789852142334
